"","LF","LBF","variable","family","p_value","R2","AIC"
"1",1.91130461990539,-0.0358461293901804,"bee_rich","Quasipoisson",0.753101164410341,0.00109791322568634,264.93508043693
"2",1.91130461990539,-0.0358461293901804,"bee_rich","Quasipoisson",0.753101164410341,0.00109791322568634,264.93508043693
"3",1.91130461990539,-0.0358461293901804,"bee_rich","Quasipoisson",0.753101164410341,0.00109791322568634,264.93508043693
