"","LF","PA","variable","family","p_value","R2","AIC"
"1",1.91130461987784,-0.454629461996148,"bee_rich","Quasipoisson",3.74744173113086e-05,0.14848310574639,309.073621620528
"2",1.91130461987784,-0.454629461996148,"bee_rich","Quasipoisson",3.74744173113086e-05,0.14848310574639,309.073621620528
"3",1.91130461987784,-0.454629461996148,"bee_rich","Quasipoisson",3.74744173113086e-05,0.14848310574639,309.073621620528
