"","LF","PA","variable","family","p_value","R2","AIC"
"1",1.91130461987784,-0.454629461996147,"bee_rich","Quasipoisson",3.7474417311308e-05,0.148483105746389,309.073621620528
"2",1.91130461987784,-0.454629461996147,"bee_rich","Quasipoisson",3.7474417311308e-05,0.148483105746389,309.073621620528
"3",1.91130461987784,-0.454629461996147,"bee_rich","Quasipoisson",3.7474417311308e-05,0.148483105746389,309.073621620528
