"","LF","LBF","variable","family","p_value","R2m","R2c","AIC"
"1",3.18924595311467,0.0868458566623347,"ant_rich","Negative Binomial",0.0678327408666708,0.0231784720509498,0.0541098513168651,902.8318195614
"2",3.91449049534942,-0.0663887610800019,"bird_rich","Negative Binomial",0.0876105462253017,0.0211112614148917,0.0317322498161577,1019.90029807751
"3",2.99624051429228,-0.0912815306354145,"db_rich","Negative Binomial",0.17542365797135,0.0115933742348346,0.125915164512752,909.338620945785
"4",2.64115596026874,-0.241863048975619,"liana_rich","Negative Binomial",0.00385105241132132,0.0557447516779325,0.0557447516779325,850.967180467996
"5",4.16689322156965,-0.184770282011672,"sap_rich","Negative Binomial",9.79260649824801e-05,0.105912838321701,0.105912838321701,1115.84475137409
"6",4.14028888409022,-0.240615093303018,"tree_rich","Negative Binomial",3.2255003674336e-07,0.166628570715287,0.239935341413863,1101.85270754799
