"","LF","LBF","variable","family","p_value","R2m","R2c","AIC"
"1",3.1892455404553,0.0868466260520191,"ant_rich","Negative Binomial",0.067832725659635,0.0231784156788062,0.0541087041672638,902.831819191819
"2",3.9144903154851,-0.0663884766346161,"bird_rich","Negative Binomial",0.0876105461376777,0.0211111083801924,0.0317309540975435,1019.90029807579
"3",2.99624052840652,-0.0912815316835462,"db_rich","Negative Binomial",0.175423657958705,0.0115933744069564,0.125915176462771,909.338620945834
"4",2.64115602308922,-0.241863157047228,"liana_rich","Negative Binomial",0.00385105241132686,0.0557447991236089,0.0557447991236089,850.967180467997
"5",4.1668931572735,-0.184770157832515,"sap_rich","Negative Binomial",9.79260649826569e-05,0.10591271103127,0.10591271103127,1115.84475137409
"6",4.14028879657593,-0.24061491119902,"tree_rich","Negative Binomial",3.22550036701654e-07,0.166628334939874,0.239935176295777,1101.85270754777
