"","MA","SFyoung","variable","family","p_value","R2m","R2c","AIC"
"1",2.61120040943518,0.562812951505796,"ant_rich","Negative Binomial",1.70071526577468e-05,0.273251957006321,0.273251957006321,407.5574937212
"2",2.43564441829852,1.22068362924722,"bird_rich","Negative Binomial",1.23745162170568e-17,0.738141932881426,0.745379892524329,424.618480576526
"3",2.01092310384459,0.697235688743744,"db_rich","Negative Binomial",3.27847351644858e-07,0.354492609045108,0.357862418658338,359.397011515964
"4",-19.7967094221908,21.5935066900324,"liana_rich","Negative Binomial",1.17550647785523e-61,0.986928708728322,0.986928708728322,196.375595051058
"5",-16.0257683222367,19.4469664101835,"sap_rich","Negative Binomial",3.74489020415414e-290,0.995716612962718,0.995716612962718,283.46767743618
"6",-19.8613383030159,22.7449532216741,"tree_rich","Negative Binomial",4.73663820179893e-205,0.986353413719203,0.986353413719203,266.108497097712
