"","PA","MA","variable","family","p_value","R2m","R2c","AIC"
"1",2.99150271915034,-0.394711901129485,"ant_rich","Negative Binomial",0.000167715146122445,0.143867342901814,0.174615098520848,671.28737914026
"2",3.33071526998002,-0.901836528030223,"bird_rich","Negative Binomial",1.32528324004701e-14,0.499822036878402,0.499822036878402,702.397955627097
"3",2.07048758633543,-0.0937061522760406,"db_rich","Negative Binomial",0.407637389903801,0.00651543725516987,0.0807091741329986,533.923437656031
"4",-3.1780538326898,-16.987929747359,"liana_rich","Poisson",0.173805718937305,0.0504936666804035,0.0504936666804035,31.0683230728756
"5",-0.312676977582106,-8.71718802955565,"sap_rich","Negative Binomial",1.460674520132e-05,0.485501019410583,0.49380763301606,197.017210374189
"6",-1.63760882249827,-18.7318875600796,"tree_rich","Poisson",0.00330229330328938,0.578444664716062,0.578444664716062,82.6256348995321
