"","UF","PA","variable","family","p_value","R2m","R2c","AIC"
"1",3.1956217745834,-0.213158808030326,"ant_rich","Negative Binomial",0.00854470527913683,0.0662724094488907,0.0841558340362672,623.086498924864
"2",3.9364832382146,-0.605767987178705,"bird_rich","Negative Binomial",1.28922474662086e-12,0.388308118271263,0.388308118271263,701.949241788301
"3",3.17313029739979,-1.09987703661353,"db_rich","Negative Binomial",1.17966044610025e-20,0.582447324238257,0.637844448056976,534.339189468823
"4",2.60822954686231,-5.78985471205999,"liana_rich","Negative Binomial",3.47648997798299e-178,0.909277346661177,0.909462696030703,169.275781943757
"5",4.05755300634706,-4.10140511093522,"sap_rich","Negative Binomial",2.74699529049942e-28,0.964504490672697,0.964572686113341,398.647748329669
"6",4.17438727679979,-5.81199606085425,"tree_rich","Poisson",0,0.989501010682278,0.989501010682278,230.130093915223
