"","SFold","PA","variable","family","p_value","R2m","R2c","AIC"
"1",3.0751778083982,-0.0675370914086242,"ant_rich","Negative Binomial",0.368992735308538,0.00816922261389915,0.150206338556835,635.133301977449
"2",3.68487145884176,-0.354156152190218,"bird_rich","Negative Binomial",8.07755632827201e-06,0.170824330274476,0.170824330274476,731.640439320123
"3",2.83168773475443,-0.754275053644243,"db_rich","Negative Binomial",3.60142450070703e-11,0.355948657464094,0.439087622817892,559.178393674053
"4",2.19277024699484,-5.37082403770836,"liana_rich","Poisson",4.51641643036343e-103,0.922975017482967,0.922975017482967,175.114122053357
"5",3.86030857690024,-3.9028682262436,"sap_rich","Negative Binomial",1.89673100779594e-29,0.952148446192778,0.952148446192778,424.761982294116
"6",3.67882909822939,-5.31643778942481,"tree_rich","Negative Binomial",3.74197512120496e-38,0.9611629498851,0.9611629498851,280.954741815869
