"","SFyoung","SFold","variable","family","p_value","R2m","R2c","AIC"
"1",3.17401342878429,-0.0247020621709235,"ant_rich","Negative Binomial",0.747637746961644,0.00180770594881738,0.00180770594881738,378.463046091315
"2",3.65497783900915,0.0298936238298978,"bird_rich","Negative Binomial",0.692243022974037,0.00263077102650272,0.00263077102650272,451.004016756207
"3",2.70297453158784,0.194175341715087,"db_rich","Negative Binomial",0.079049814827418,0.0522691396847761,0.0817933805811545,387.042129317504
"4",1.7967973137588,0.395972901261468,"liana_rich","Negative Binomial",0.0302197198749818,0.0637795684832468,0.0637795684832468,344.309047396363
"5",3.41695368382326,0.426939121710662,"sap_rich","Negative Binomial",0.000626232780306207,0.182968647201503,0.192337155721015,490.855358289184
"6",2.8836149881011,0.795214066758866,"tree_rich","Negative Binomial",0.000127016982046547,0.184487448445248,0.184487448445248,491.014869542083
